"Method","Slope_Var","Bias"
"Truth",235283.548470398,0
"missForest",231384.674835969,-3898.87363442878
"Smriti",230988.208846206,-4295.33962419111
